CMPLNT_NUM,CMPLNT_FR_DT,CMPLNT_FR_TM,CMPLNT_TO_DT,CMPLNT_TO_TM,RPT_DT,KY_CD,OFNS_DESC,PD_CD,PD_DESC,CRM_ATPT_CPTD_CD,LAW_CAT_CD,JURIS_DESC,BORO_NM,ADDR_PCT_CD,LOC_OF_OCCUR_DESC,PREM_TYP_DESC,PARKS_NM,HADEVELOPT,X_COORD_CD,Y_COORD_CD,Latitude,Longitude,Lat_Lon
846207268,12/31/2017,12:30:00,12/31/2017,12:35:00,12/31/2017,344,ASSAULT 3 & RELATED OFFENSES,113,MENACING/UNCLASSIFIED,COMPLETED,MISDEMEANOR,N.Y. POLICE DEPT,BROOKLYN,72,FRONT OF,STREET,,,980825,176742,40.65180018,-74.01234462,"(40.651800177, -74.01234462)"
764775390,12/31/2017,1:00:00,12/31/2017,9:00:00,12/31/2017,109,GRAND LARCENY,421,LARCENY/GRAND FROM VEHICLE/MOTORCYCLE,COMPLETED,FELONY,N.Y. POLICE DEPT,BRONX,44,,STREET,,,1004152,238742,40.82195307,-73.92809429,"(40.821953065, -73.928094285)"
565589334,12/30/2017,15:10:00,12/30/2017,15:30:00,12/30/2017,105,ROBBERY,396,ROBBERY/BEGIN AS SHOPLIFTING,COMPLETED,FELONY,N.Y. POLICE DEPT,MANHATTAN,7,FRONT OF,JEWELRY,,,987350,201914,40.72089168,-73.98881794,"(40.720891684, -73.988817939)"
610989528,12/30/2017,14:25:00,12/30/2017,14:30:00,12/30/2017,341,PETIT LARCENY,333,LARCENY/PETIT FROM STORE-SHOPL,COMPLETED,MISDEMEANOR,N.Y. POLICE DEPT,MANHATTAN,14,INSIDE,DEPARTMENT STORE,,,987220,212676,40.75043077,-73.98928218,"(40.750430768, -73.989282176)"
695114551,12/30/2017,14:15:00,12/30/2017,14:20:00,12/30/2017,348,VEHICLE AND TRAFFIC LAWS,916,LEAVING SCENE-ACCIDENT-PERSONA,COMPLETED,MISDEMEANOR,N.Y. POLICE DEPT,QUEENS,103,,STREET,,,1037338,193793,40.69844277,-73.8085464,"(40.698442771, -73.808546403)"
149878695,12/30/2017,14:10:00,12/30/2017,14:15:00,12/30/2017,235,DANGEROUS DRUGS,567,MARIJUANA/ POSSESSION 4 & 5,COMPLETED,MISDEMEANOR,N.Y. HOUSING POLICE,MANHATTAN,25,OPPOSITE OF,RESIDENCE - PUBLIC HOUSING,,UPACA (SITE 6),1000868,231062,40.80088039,-73.93997859,"(40.800880389, -73.93997859)"
612851223,12/30/2017,14:10:00,12/30/2017,14:15:00,12/30/2017,235,DANGEROUS DRUGS,567,MARIJUANA/ POSSESSION 4 & 5,COMPLETED,MISDEMEANOR,N.Y. HOUSING POLICE,BROOKLYN,73,INSIDE,RESIDENCE - PUBLIC HOUSING,,TILDEN,1009656,181287,40.66423942,-73.90842501,"(40.664239422, -73.908425011)"
290669909,12/30/2017,13:29:00,12/30/2017,13:44:00,12/30/2017,341,PETIT LARCENY,333,LARCENY/PETIT FROM STORE-SHOPL,COMPLETED,MISDEMEANOR,N.Y. POLICE DEPT,MANHATTAN,17,INSIDE,CHAIN STORE,,,990090,211089,40.74607342,-73.9789252,"(40.746073422, -73.978925198)"
260313684,12/30/2017,13:00:00,12/30/2017,13:05:00,12/30/2017,105,ROBBERY,396,ROBBERY/BEGIN AS SHOPLIFTING,COMPLETED,FELONY,N.Y. POLICE DEPT,MANHATTAN,10,INSIDE,CLOTHING/BOUTIQUE,,,982346,210328,40.74398639,-74.00687267,"(40.74398639, -74.006872669)"
395931064,12/30/2017,13:00:00,12/30/2017,13:15:00,12/30/2017,344,ASSAULT 3 & RELATED OFFENSES,101,ASSAULT 3,COMPLETED,MISDEMEANOR,N.Y. POLICE DEPT,QUEENS,105,INSIDE,RESIDENCE-HOUSE,,,1055866,195134,40.70199294,-73.74171363,"(40.701992943, -73.741713632)"
200806680,12/30/2017,12:54:00,12/30/2017,12:59:00,12/30/2017,109,GRAND LARCENY,404,LARCENY/GRAND FROM PERSON/PERSONAL ELECTRONIC DEVICE(SNATCH),COMPLETED,FELONY,N.Y. POLICE DEPT,MANHATTAN,28,FRONT OF,STREET,,,999800,233322,40.80708541,-73.94383088,"(40.807085412, -73.943830883)"
671231130,12/30/2017,12:53:00,12/30/2017,13:29:00,12/30/2017,341,PETIT LARCENY,333,LARCENY/PETIT FROM STORE-SHOPL,COMPLETED,MISDEMEANOR,N.Y. POLICE DEPT,QUEENS,109,INSIDE,DEPARTMENT STORE,,,1030234,215251,40.75737942,-73.83401937,"(40.757379417, -73.834019371)"
725800636,12/30/2017,12:50:00,12/30/2017,12:52:00,12/30/2017,109,GRAND LARCENY,415,LARCENY/GRAND FROM PERSON/PICK,COMPLETED,FELONY,N.Y. POLICE DEPT,BRONX,40,FRONT OF,STREET,,,1007668,237200,40.81771209,-73.91539615,"(40.81771209, -73.915396145)"
519182479,12/30/2017,12:43:00,12/30/2017,12:48:00,12/30/2017,105,ROBBERY,396,ROBBERY/BEGIN AS SHOPLIFTING,COMPLETED,FELONY,N.Y. POLICE DEPT,MANHATTAN,28,INSIDE,DEPARTMENT STORE,,,997571,234556,40.81047604,-73.95188015,"(40.810476043, -73.951880151)"
638897836,12/30/2017,12:30:00,12/30/2017,13:25:00,12/30/2017,341,PETIT LARCENY,338,LARCENY/PETIT FROM BUILDING/UN,COMPLETED,MISDEMEANOR,N.Y. POLICE DEPT,MANHATTAN,32,INSIDE,FOOD SUPERMARKET,,,1000186,239141,40.82305625,-73.94242274,"(40.823056252, -73.942422738)"
385302974,12/30/2017,12:20:00,12/30/2017,13:07:00,12/30/2017,341,PETIT LARCENY,333,LARCENY/PETIT FROM STORE-SHOPL,COMPLETED,MISDEMEANOR,N.Y. POLICE DEPT,BROOKLYN,84,INSIDE,DEPARTMENT STORE,,,988474,190818,40.69043531,-73.98476997,"(40.690435308, -73.984769974)"
500143373,12/30/2017,12:20:00,12/30/2017,12:30:00,12/30/2017,578,HARRASSMENT 2,638,HARASSMENT/SUBD 3/4/5,COMPLETED,VIOLATION,N.Y. POLICE DEPT,BROOKLYN,94,FRONT OF,STREET,,,997283,204370,40.72762375,-73.95297906,"(40.727623753, -73.952979064)"
907356508,12/30/2017,12:15:00,12/30/2017,12:26:00,12/30/2017,126,MISCELLANEOUS PENAL LAW,198,CRIMINAL CONTEMPT 1,COMPLETED,FELONY,N.Y. POLICE DEPT,STATEN ISLAND,122,FRONT OF,RESIDENCE-HOUSE,,,953307,147609,40.57178274,-74.11138173,"(40.571782743, -74.111381727)"
364766951,12/30/2017,12:10:00,12/30/2017,12:15:00,12/30/2017,344,ASSAULT 3 & RELATED OFFENSES,101,ASSAULT 3,COMPLETED,MISDEMEANOR,N.Y. POLICE DEPT,QUEENS,115,INSIDE,RESIDENCE - APT. HOUSE,,,1017904,212282,40.7492858,-73.87854006,"(40.749285799, -73.878540057)"
291921168,12/30/2017,12:10:00,12/30/2017,12:30:00,12/30/2017,344,ASSAULT 3 & RELATED OFFENSES,113,MENACING/UNCLASSIFIED,COMPLETED,MISDEMEANOR,N.Y. POLICE DEPT,BROOKLYN,63,FRONT OF,STREET,,,999060,167196,40.62558673,-73.94664942,"(40.625586727, -73.946649424)"
700404194,12/30/2017,12:10:00,12/30/2017,12:30:00,12/30/2017,344,ASSAULT 3 & RELATED OFFENSES,101,ASSAULT 3,COMPLETED,MISDEMEANOR,N.Y. POLICE DEPT,BROOKLYN,63,FRONT OF,STREET,,,999463,166366,40.62330787,-73.94519951,"(40.623307868, -73.945199514)"
319249283,12/30/2017,12:10:00,12/30/2017,12:30:00,12/30/2017,236,DANGEROUS WEAPONS,782,WEAPONS/ POSSESSION/ ETC,COMPLETED,MISDEMEANOR,N.Y. POLICE DEPT,BROOKLYN,63,FRONT OF,STREET,,,999463,166366,40.62330787,-73.94519951,"(40.623307868, -73.945199514)"
581626843,12/30/2017,12:05:00,12/30/2017,12:15:00,12/30/2017,110,GRAND LARCENY OF MOTOR VEHICLE,441,LARCENY/GRAND OF AUTO,COMPLETED,FELONY,N.Y. POLICE DEPT,BRONX,40,FRONT OF,STREET,,,1006075,236932,40.81698058,-73.92115226,"(40.816980584, -73.921152255)"
645236041,12/30/2017,12:05:00,12/30/2017,12:10:00,12/30/2017,351,CRIMINAL MISCHIEF & RELATED OF,259,CRIMINAL MISCHIEF/UNCLASSIFIED 4,COMPLETED,MISDEMEANOR,N.Y. POLICE DEPT,STATEN ISLAND,121,INSIDE,RESIDENCE-HOUSE,,,938149,171781,40.63806398,-74.1661083,"(40.638063982, -74.166108302)"
598841931,12/30/2017,12:00:00,12/30/2017,12:30:00,12/30/2017,353,UNAUTHORIZED USE OF A VEHICLE,462,UNAUTHORIZED USE VEHICLE 3,COMPLETED,MISDEMEANOR,N.Y. POLICE DEPT,BROOKLYN,79,OPPOSITE OF,STREET,,,998327,189618,40.6871314,-73.94924321,"(40.687131399, -73.949243205)"
536637611,12/30/2017,12:00:00,12/30/2017,12:32:00,12/30/2017,341,PETIT LARCENY,333,LARCENY/PETIT FROM STORE-SHOPL,COMPLETED,MISDEMEANOR,N.Y. POLICE DEPT,BROOKLYN,62,INSIDE,DEPARTMENT STORE,,,983955,156040,40.59497817,-74.00106367,"(40.594978166, -74.00106367)"
853939118,12/30/2017,11:45:00,12/30/2017,12:15:00,12/30/2017,238,FRAUDULENT ACCOSTING,466,ACCOSTING/FRAUDULENT,COMPLETED,MISDEMEANOR,N.Y. POLICE DEPT,MANHATTAN,1,FRONT OF,STREET,,,980871,194864,40.701541,-74.01218793,"(40.701541003, -74.012187932)"
830760153,12/30/2017,11:30:00,12/30/2017,11:35:00,12/30/2017,341,PETIT LARCENY,333,LARCENY/PETIT FROM STORE-SHOPL,COMPLETED,MISDEMEANOR,N.Y. POLICE DEPT,BROOKLYN,77,INSIDE,DEPARTMENT STORE,,,1003393,183441,40.67016743,-73.93099399,"(40.670167427, -73.930993992)"
121306044,12/30/2017,11:20:00,12/30/2017,11:46:00,12/30/2017,341,PETIT LARCENY,333,LARCENY/PETIT FROM STORE-SHOPL,COMPLETED,MISDEMEANOR,N.Y. POLICE DEPT,BROOKLYN,84,INSIDE,DEPARTMENT STORE,,,988474,190818,40.69043531,-73.98476997,"(40.690435308, -73.984769974)"
641549773,12/30/2017,11:15:00,12/30/2017,11:30:00,12/30/2017,344,ASSAULT 3 & RELATED OFFENSES,101,ASSAULT 3,COMPLETED,MISDEMEANOR,N.Y. POLICE DEPT,BRONX,47,FRONT OF,STREET,,,1019171,266070,40.89691354,-73.87368739,"(40.896913541, -73.873687385)"
632189269,12/30/2017,10:55:00,12/30/2017,11:08:00,12/30/2017,113,FORGERY,729,FORGERY/ETC./UNCLASSIFIED-FELO,COMPLETED,FELONY,N.Y. POLICE DEPT,MANHATTAN,32,,STREET,,,1000851,238155,40.82034874,-73.94002245,"(40.820348736, -73.940022452)"
395533836,12/30/2017,10:50:00,12/30/2017,11:00:00,12/30/2017,118,DANGEROUS WEAPONS,793,WEAPONS POSSESSION 3,COMPLETED,FELONY,N.Y. POLICE DEPT,STATEN ISLAND,120,INSIDE,RESIDENCE - APT. HOUSE,,,963050,167319,40.62591135,-74.07637338,"(40.625911345, -74.076373376)"
525486805,12/30/2017,10:40:00,12/30/2017,10:45:00,12/30/2017,105,ROBBERY,386,ROBBERY/PERSONAL ELECTRONIC DEVICE,COMPLETED,FELONY,N.Y. POLICE DEPT,BRONX,42,FRONT OF,STREET,,,1009372,241649,40.82991865,-73.90922323,"(40.829918647, -73.909223227)"
356228155,12/30/2017,10:30:00,12/30/2017,10:39:00,12/30/2017,235,DANGEROUS DRUGS,567,MARIJUANA/ POSSESSION 4 & 5,COMPLETED,MISDEMEANOR,N.Y. POLICE DEPT,BROOKLYN,72,FRONT OF,STREET,,,979294,172285,40.63956595,-74.01785883,"(40.639565947, -74.017858834)"
616212441,12/30/2017,10:26:00,12/30/2017,10:40:00,12/30/2017,353,UNAUTHORIZED USE OF A VEHICLE,462,UNAUTHORIZED USE VEHICLE 3,COMPLETED,MISDEMEANOR,N.Y. POLICE DEPT,MANHATTAN,23,,STREET,,,1000580,225294,40.78504932,-73.94103285,"(40.785049324, -73.941032845)"
406073367,12/30/2017,10:00:00,12/30/2017,10:08:00,12/30/2017,105,ROBBERY,396,ROBBERY/BEGIN AS SHOPLIFTING,COMPLETED,FELONY,N.Y. POLICE DEPT,BROOKLYN,70,INSIDE,DEPARTMENT STORE,,,994302,170739,40.63531819,-73.96378452,"(40.635318191, -73.963784516)"
216735372,12/30/2017,9:53:00,12/30/2017,10:16:00,12/30/2017,344,ASSAULT 3 & RELATED OFFENSES,101,ASSAULT 3,COMPLETED,MISDEMEANOR,N.Y. POLICE DEPT,QUEENS,110,INSIDE,RESIDENCE - APT. HOUSE,,,1020593,208739,40.73955052,-73.86885428,"(40.739550516, -73.868854284)"
424009583,12/30/2017,9:50:00,12/30/2017,9:51:00,12/30/2017,578,HARRASSMENT 2,638,HARASSMENT/SUBD 3/4/5,COMPLETED,VIOLATION,N.Y. POLICE DEPT,BRONX,40,INSIDE,GROCERY/BODEGA,,,1006985,238153,40.82032959,-73.91786048,"(40.82032959, -73.917860479)"
720616795,12/30/2017,9:45:00,12/30/2017,9:51:00,12/30/2017,105,ROBBERY,399,ROBBERY/COMMERCIAL UNCLASSIFIED,COMPLETED,FELONY,N.Y. POLICE DEPT,BROOKLYN,83,INSIDE,SMALL MERCHANT,,,1008598,194371,40.70015499,-73.91219132,"(40.700154986, -73.912191317)"
509507934,12/30/2017,9:30:00,12/30/2017,10:00:00,12/30/2017,344,ASSAULT 3 & RELATED OFFENSES,101,ASSAULT 3,COMPLETED,MISDEMEANOR,N.Y. HOUSING POLICE,BRONX,42,INSIDE,RESIDENCE - PUBLIC HOUSING,,,1011047,239814,40.82487718,-73.90317796,"(40.824877175, -73.903177956)"
219841792,12/30/2017,9:30:00,12/30/2017,10:29:00,12/30/2017,359,OFFENSES AGAINST PUBLIC ADMINI,750,RESISTING ARREST,COMPLETED,MISDEMEANOR,N.Y. HOUSING POLICE,BRONX,44,INSIDE,RESIDENCE - PUBLIC HOUSING,,CLAREMONT REHAB (GROUP 2),1009143,242913,40.83338861,-73.91004603,"(40.833388611, -73.910046026)"
355402248,12/30/2017,9:30:00,12/30/2017,9:35:00,12/30/2017,105,ROBBERY,386,ROBBERY/PERSONAL ELECTRONIC DEVICE,COMPLETED,FELONY,N.Y. POLICE DEPT,BROOKLYN,70,FRONT OF,STREET,,,994906,176068,40.64994445,-73.96159991,"(40.649944446, -73.961599914)"
492489244,12/30/2017,9:20:00,12/30/2017,10:04:00,12/30/2017,359,OFFENSES AGAINST PUBLIC ADMINI,748,CONTEMPT/CRIMINAL,COMPLETED,MISDEMEANOR,N.Y. POLICE DEPT,BRONX,47,INSIDE,RESIDENCE - APT. HOUSE,,,1026487,262591,40.88733281,-73.8472464,"(40.887332814, -73.847246396)"
320018073,12/30/2017,9:12:00,12/30/2017,9:25:00,12/30/2017,578,HARRASSMENT 2,638,HARASSMENT/SUBD 3/4/5,COMPLETED,VIOLATION,N.Y. POLICE DEPT,QUEENS,109,FRONT OF,RESIDENCE-HOUSE,,,1039238,224662,40.78315869,-73.80144198,"(40.783158687, -73.801441982)"
722165423,12/30/2017,9:10:00,12/30/2017,10:00:00,12/30/2017,341,PETIT LARCENY,338,LARCENY/PETIT FROM BUILDING/UN,COMPLETED,MISDEMEANOR,N.Y. HOUSING POLICE,MANHATTAN,7,INSIDE,RESIDENCE - PUBLIC HOUSING,,,990933,200320,40.71651456,-73.97589355,"(40.716514555, -73.975893551)"
697512087,12/30/2017,9:00:00,12/30/2017,9:13:00,12/30/2017,347,INTOXICATED & IMPAIRED DRIVING,905,INTOXICATED DRIVING/ALCOHOL,COMPLETED,MISDEMEANOR,N.Y. POLICE DEPT,QUEENS,109,INSIDE,STREET,,,1033113,218123,40.76524686,-73.8236066,"(40.765246864, -73.823606595)"
614742371,12/30/2017,8:45:00,12/30/2017,9:00:00,12/30/2017,106,FELONY ASSAULT,109,ASSAULT 2/1/UNCLASSIFIED,COMPLETED,FELONY,N.Y. POLICE DEPT,BRONX,47,INSIDE,RESIDENCE - APT. HOUSE,,,1027443,266112,40.8969922,-73.84376621,"(40.896992202, -73.843766207)"
179756940,12/30/2017,8:45:00,12/30/2017,9:00:00,12/30/2017,106,FELONY ASSAULT,109,ASSAULT 2/1/UNCLASSIFIED,COMPLETED,FELONY,N.Y. POLICE DEPT,BRONX,47,INSIDE,RESIDENCE - APT. HOUSE,,,1027676,266180,40.8971777,-73.84292297,"(40.897177696, -73.842922973)"
320272603,12/30/2017,8:45:00,12/30/2017,8:50:00,12/30/2017,344,ASSAULT 3 & RELATED OFFENSES,101,ASSAULT 3,COMPLETED,MISDEMEANOR,N.Y. POLICE DEPT,MANHATTAN,23,INSIDE,RESIDENCE - APT. HOUSE,,,999998,226211,40.7875673,-73.94313233,"(40.787567301, -73.943132332)"
261429482,12/30/2017,8:35:00,12/30/2017,8:39:00,12/30/2017,578,HARRASSMENT 2,638,HARASSMENT/SUBD 3/4/5,COMPLETED,VIOLATION,N.Y. POLICE DEPT,BROOKLYN,90,FRONT OF,STREET,,,998209,197555,40.7089168,-73.94965224,"(40.708916801, -73.949652236)"
244744798,12/30/2017,8:30:00,12/30/2017,8:39:00,12/30/2017,344,ASSAULT 3 & RELATED OFFENSES,113,MENACING/UNCLASSIFIED,COMPLETED,MISDEMEANOR,N.Y. POLICE DEPT,QUEENS,102,REAR OF,RESIDENCE - APT. HOUSE,,,1035436,192552,40.69504773,-73.81541513,"(40.695047727, -73.815415132)"
550662668,12/30/2017,8:00:00,12/30/2017,8:30:00,12/30/2017,109,GRAND LARCENY,421,LARCENY/GRAND FROM VEHICLE/MOTORCYCLE,COMPLETED,FELONY,N.Y. POLICE DEPT,BRONX,40,FRONT OF,STREET,,,1006777,236694,40.81632558,-73.91861688,"(40.816325579, -73.918616876)"
332020926,12/30/2017,7:48:00,12/30/2017,8:02:00,12/30/2017,235,DANGEROUS DRUGS,511,CONTROLLED SUBSTANCE/ POSSESSI,COMPLETED,MISDEMEANOR,N.Y. POLICE DEPT,BROOKLYN,83,,STREET,,,1004729,195494,40.70324716,-73.92614129,"(40.703247156, -73.926141294)"
162152418,12/30/2017,7:45:00,12/30/2017,8:15:00,12/30/2017,105,ROBBERY,386,ROBBERY/PERSONAL ELECTRONIC DEVICE,COMPLETED,FELONY,N.Y. POLICE DEPT,MANHATTAN,25,OPPOSITE OF,STREET,,,1001223,234339,40.80987418,-73.93868807,"(40.809874177, -73.938688074)"
866518190,12/30/2017,7:40:00,12/30/2017,7:45:00,12/30/2017,351,CRIMINAL MISCHIEF & RELATED OF,259,CRIMINAL MISCHIEF/UNCLASSIFIED 4,COMPLETED,MISDEMEANOR,N.Y. POLICE DEPT,BRONX,42,OPPOSITE OF,STREET,,,1014620,242507,40.83225712,-73.89025574,"(40.832257123, -73.890255738)"
448241441,12/30/2017,6:46:00,12/30/2017,7:00:00,12/30/2017,121,CRIMINAL MISCHIEF & RELATED OF,273,TAMPERING 1/CRIMINAL,COMPLETED,FELONY,N.Y. POLICE DEPT,BRONX,52,,STREET,,,1014399,256904,40.87177335,-73.89098961,"(40.871773348, -73.890989606)"
675925562,12/30/2017,6:40:00,12/30/2017,6:45:00,12/30/2017,109,GRAND LARCENY,438,LARCENY/GRAND FROM BUILDING (NON-RESIDENCE) UNATTENDED,COMPLETED,FELONY,PORT AUTHORITY,MANHATTAN,14,INSIDE,BUS TERMINAL,,,986882,214802,40.75626621,-73.99050125,"(40.756266207, -73.990501248)"
896472844,12/30/2017,5:50:00,12/30/2017,6:50:00,12/30/2017,353,UNAUTHORIZED USE OF A VEHICLE,462,UNAUTHORIZED USE VEHICLE 3,COMPLETED,MISDEMEANOR,N.Y. POLICE DEPT,QUEENS,107,,STREET,,,1043678,208647,40.73917301,-73.78555095,"(40.739173011, -73.785550954)"
453913248,12/30/2017,5:50:00,12/30/2017,6:50:00,12/30/2017,353,UNAUTHORIZED USE OF A VEHICLE,462,UNAUTHORIZED USE VEHICLE 3,COMPLETED,MISDEMEANOR,N.Y. POLICE DEPT,QUEENS,107,,STREET,,,1043678,208647,40.73917301,-73.78555095,"(40.739173011, -73.785550954)"
499309560,12/30/2017,5:50:00,12/30/2017,6:50:00,12/30/2017,126,MISCELLANEOUS PENAL LAW,461,UNAUTHORIZED USE VEHICLE 2,COMPLETED,FELONY,N.Y. POLICE DEPT,QUEENS,107,,STREET,,,1043678,208647,40.73917301,-73.78555095,"(40.739173011, -73.785550954)"
106574219,12/30/2017,5:50:00,12/30/2017,13:20:00,12/30/2017,109,GRAND LARCENY,405,LARCENY/GRAND BY THEFT OF CREDIT CARD,COMPLETED,FELONY,N.Y. POLICE DEPT,QUEENS,107,INSIDE,STREET,,,1036628,204948,40.72906475,-73.81102013,"(40.72906475, -73.811020132)"
332795163,12/30/2017,5:45:00,12/30/2017,6:01:00,12/30/2017,351,CRIMINAL MISCHIEF & RELATED OF,259,CRIMINAL MISCHIEF/UNCLASSIFIED 4,COMPLETED,MISDEMEANOR,PORT AUTHORITY,MANHATTAN,13,INSIDE,TRANSIT FACILITY (OTHER),,,986691,209691,40.74223785,-73.99119252,"(40.742237852, -73.991192516)"
356273922,12/30/2017,5:40:00,12/30/2017,5:45:00,12/30/2017,348,VEHICLE AND TRAFFIC LAWS,916,LEAVING SCENE-ACCIDENT-PERSONA,COMPLETED,MISDEMEANOR,N.Y. POLICE DEPT,MANHATTAN,1,FRONT OF,STREET,,,983063,201994,40.72111173,-74.00428366,"(40.721111727, -74.004283662)"
771491991,12/30/2017,5:30:00,12/30/2017,5:40:00,12/30/2017,347,INTOXICATED & IMPAIRED DRIVING,905,INTOXICATED DRIVING/ALCOHOL,COMPLETED,MISDEMEANOR,N.Y. POLICE DEPT,QUEENS,102,,STREET,,,1030273,190907,40.69056095,-73.83404507,"(40.690560945, -73.834045069)"
324124155,12/30/2017,5:30:00,12/30/2017,5:40:00,12/30/2017,344,ASSAULT 3 & RELATED OFFENSES,101,ASSAULT 3,COMPLETED,MISDEMEANOR,N.Y. POLICE DEPT,BRONX,48,FRONT OF,STREET,,,1014317,247695,40.8464977,-73.89132741,"(40.846497703, -73.891327407)"
264382791,12/30/2017,5:05:00,12/30/2017,5:10:00,12/30/2017,344,ASSAULT 3 & RELATED OFFENSES,101,ASSAULT 3,COMPLETED,MISDEMEANOR,N.Y. POLICE DEPT,BROOKLYN,83,,STREET,,,1004103,195962,40.70453313,-73.92839766,"(40.704533132, -73.928397664)"
707436094,12/30/2017,5:00:00,12/30/2017,6:45:00,12/30/2017,117,DANGEROUS DRUGS,500,CONTROLLED SUBSTANCE/POSSESS.,COMPLETED,FELONY,N.Y. POLICE DEPT,MANHATTAN,18,INSIDE,HOTEL/MOTEL,,,988648,215208,40.75737987,-73.98412661,"(40.757379872, -73.984126607)"
623025818,12/30/2017,5:00:00,12/30/2017,5:18:00,12/30/2017,347,INTOXICATED & IMPAIRED DRIVING,905,INTOXICATED DRIVING/ALCOHOL,COMPLETED,MISDEMEANOR,N.Y. POLICE DEPT,STATEN ISLAND,120,,STREET,,,956373,161849,40.61087884,-74.10040433,"(40.610878842, -74.100404328)"
579229237,12/30/2017,5:00:00,12/30/2017,5:20:00,12/30/2017,359,OFFENSES AGAINST PUBLIC ADMINI,749,VIOLATION OF ORDER OF PROTECTI,COMPLETED,MISDEMEANOR,N.Y. POLICE DEPT,QUEENS,109,FRONT OF,STREET,,,1032084,216954,40.76204389,-73.82732958,"(40.762043893, -73.827329581)"
585884575,12/30/2017,5:00:00,12/30/2017,5:50:00,12/30/2017,341,PETIT LARCENY,338,LARCENY/PETIT FROM BUILDING/UN,COMPLETED,MISDEMEANOR,N.Y. POLICE DEPT,MANHATTAN,6,INSIDE,BAR/NIGHT CLUB,,,982490,206473,40.7334054,-74.00635199,"(40.733405399, -74.006351987)"
943027847,12/30/2017,5:00:00,12/30/2017,5:15:00,12/30/2017,344,ASSAULT 3 & RELATED OFFENSES,101,ASSAULT 3,COMPLETED,MISDEMEANOR,N.Y. POLICE DEPT,BRONX,48,FRONT OF,STREET,,,1015841,250683,40.85469355,-73.88580499,"(40.854693552, -73.885804994)"
844489200,12/30/2017,5:00:00,12/30/2017,5:10:00,12/30/2017,578,HARRASSMENT 2,638,HARASSMENT/SUBD 3/4/5,COMPLETED,VIOLATION,N.Y. POLICE DEPT,BROOKLYN,94,INSIDE,RESIDENCE - APT. HOUSE,,,997998,203377,40.72489713,-73.95040141,"(40.724897127, -73.950401409)"
239695001,12/30/2017,5:00:00,12/30/2017,5:15:00,12/30/2017,351,CRIMINAL MISCHIEF & RELATED OF,259,CRIMINAL MISCHIEF/UNCLASSIFIED 4,COMPLETED,MISDEMEANOR,N.Y. POLICE DEPT,MANHATTAN,30,INSIDE,RESIDENCE - APT. HOUSE,,,999831,241885,40.83058838,-73.94369902,"(40.830588382, -73.943699024)"
296381971,12/30/2017,5:00:00,12/30/2017,12:00:00,12/30/2017,126,MISCELLANEOUS PENAL LAW,461,UNAUTHORIZED USE VEHICLE 2,COMPLETED,FELONY,N.Y. POLICE DEPT,QUEENS,107,,STREET,,,1043678,208647,40.73917301,-73.78555095,"(40.739173011, -73.785550954)"
546930048,12/30/2017,4:59:00,12/30/2017,5:02:00,12/30/2017,344,ASSAULT 3 & RELATED OFFENSES,101,ASSAULT 3,COMPLETED,MISDEMEANOR,N.Y. POLICE DEPT,BROOKLYN,68,INSIDE,RESIDENCE - APT. HOUSE,,,978404,164747,40.61887518,-74.02105914,"(40.61887518, -74.02105914)"
378910705,12/30/2017,4:59:00,12/30/2017,5:02:00,12/30/2017,106,FELONY ASSAULT,109,ASSAULT 2/1/UNCLASSIFIED,COMPLETED,FELONY,N.Y. POLICE DEPT,BROOKLYN,68,INSIDE,RESIDENCE - APT. HOUSE,,,978404,164747,40.61887518,-74.02105914,"(40.61887518, -74.02105914)"
571875716,12/30/2017,4:50:00,12/30/2017,4:58:00,12/30/2017,344,ASSAULT 3 & RELATED OFFENSES,114,OBSTR BREATH/CIRCUL,COMPLETED,MISDEMEANOR,N.Y. POLICE DEPT,MANHATTAN,20,INSIDE,RESIDENCE - APT. HOUSE,,,987084,220739,40.77256168,-73.98976963,"(40.77256168, -73.989769627)"
937153032,12/30/2017,4:50:00,12/30/2017,4:55:00,12/30/2017,126,MISCELLANEOUS PENAL LAW,198,CRIMINAL CONTEMPT 1,COMPLETED,FELONY,N.Y. POLICE DEPT,BROOKLYN,72,FRONT OF,STREET,,,980243,175375,40.64804781,-74.01444125,"(40.648047814, -74.014441246)"
287643212,12/30/2017,4:40:00,12/30/2017,4:45:00,12/30/2017,126,MISCELLANEOUS PENAL LAW,117,RECKLESS ENDANGERMENT 1,COMPLETED,FELONY,N.Y. POLICE DEPT,BROOKLYN,81,FRONT OF,STREET,,,1007018,186840,40.67948834,-73.91791497,"(40.679488335, -73.917914972)"
417262556,12/30/2017,4:40:00,12/30/2017,4:52:00,12/30/2017,347,INTOXICATED & IMPAIRED DRIVING,905,INTOXICATED DRIVING/ALCOHOL,COMPLETED,MISDEMEANOR,N.Y. POLICE DEPT,BROOKLYN,61,FRONT OF,STREET,,,1000893,154460,40.59062576,-73.94007755,"(40.590625764, -73.940077552)"
654234041,12/30/2017,4:35:00,12/30/2017,4:40:00,12/30/2017,351,CRIMINAL MISCHIEF & RELATED OF,259,CRIMINAL MISCHIEF/UNCLASSIFIED 4,COMPLETED,MISDEMEANOR,N.Y. POLICE DEPT,MANHATTAN,25,INSIDE,RESIDENCE - APT. HOUSE,,,1001562,230531,40.79942161,-73.93747329,"(40.799421607, -73.937473288)"
175205593,12/30/2017,4:30:00,12/30/2017,4:45:00,12/30/2017,359,OFFENSES AGAINST PUBLIC ADMINI,749,VIOLATION OF ORDER OF PROTECTI,COMPLETED,MISDEMEANOR,N.Y. POLICE DEPT,BROOKLYN,75,FRONT OF,RESIDENCE - APT. HOUSE,,,1015540,187211,40.68048062,-73.88718854,"(40.680480624, -73.887188538)"
900845195,12/30/2017,4:30:00,12/30/2017,4:45:00,12/30/2017,106,FELONY ASSAULT,109,ASSAULT 2/1/UNCLASSIFIED,COMPLETED,FELONY,N.Y. POLICE DEPT,BRONX,52,FRONT OF,STREET,,,1011766,255584,40.86815895,-73.90051534,"(40.868158954, -73.90051534)"
157178549,12/30/2017,4:30:00,12/30/2017,4:45:00,12/30/2017,106,FELONY ASSAULT,109,ASSAULT 2/1/UNCLASSIFIED,COMPLETED,FELONY,N.Y. POLICE DEPT,BRONX,52,FRONT OF,BAR/NIGHT CLUB,,,1011766,255584,40.86815895,-73.90051534,"(40.868158954, -73.90051534)"
924566822,12/30/2017,4:28:00,12/30/2017,5:48:00,12/30/2017,347,INTOXICATED & IMPAIRED DRIVING,905,INTOXICATED DRIVING/ALCOHOL,COMPLETED,MISDEMEANOR,N.Y. POLICE DEPT,QUEENS,102,,STREET,,,1030953,194101,40.69932416,-73.83157089,"(40.699324157, -73.831570888)"
524976099,12/30/2017,4:20:00,12/30/2017,4:45:00,12/30/2017,106,FELONY ASSAULT,109,ASSAULT 2/1/UNCLASSIFIED,COMPLETED,FELONY,N.Y. POLICE DEPT,MANHATTAN,7,,STREET,,,987923,201444,40.71960143,-73.98675105,"(40.719601428, -73.986751051)"
458499205,12/30/2017,4:20:00,12/30/2017,4:45:00,12/30/2017,106,FELONY ASSAULT,109,ASSAULT 2/1/UNCLASSIFIED,COMPLETED,FELONY,N.Y. POLICE DEPT,MANHATTAN,7,,STREET,,,987923,201444,40.71960143,-73.98675105,"(40.719601428, -73.986751051)"
630387221,12/30/2017,4:20:00,12/30/2017,4:45:00,12/30/2017,106,FELONY ASSAULT,109,ASSAULT 2/1/UNCLASSIFIED,COMPLETED,FELONY,N.Y. POLICE DEPT,MANHATTAN,7,,STREET,,,987923,201444,40.71960143,-73.98675105,"(40.719601428, -73.986751051)"
573287288,12/30/2017,4:20:00,12/30/2017,4:45:00,12/30/2017,109,GRAND LARCENY,439,LARCENY/GRAND FROM OPEN AREAS/ UNATTENDED,COMPLETED,FELONY,N.Y. POLICE DEPT,MANHATTAN,7,,STREET,,,987923,201444,40.71960143,-73.98675105,"(40.719601428, -73.986751051)"
407925193,12/30/2017,4:15:00,12/30/2017,4:25:00,12/30/2017,344,ASSAULT 3 & RELATED OFFENSES,114,OBSTR BREATH/CIRCUL,COMPLETED,MISDEMEANOR,N.Y. POLICE DEPT,QUEENS,105,FRONT OF,RESIDENCE-HOUSE,,,1047242,180955,40.66314053,-73.77294905,"(40.663140533, -73.772949053)"
311558349,12/30/2017,4:00:00,12/30/2017,4:30:00,12/30/2017,105,ROBBERY,386,ROBBERY/PERSONAL ELECTRONIC DEVICE,COMPLETED,FELONY,N.Y. POLICE DEPT,QUEENS,114,INSIDE,CANDY STORE,,,1008351,217253,40.76296112,-73.91300015,"(40.762961119, -73.913000154)"
383131723,12/30/2017,3:50:00,12/30/2017,3:58:00,12/30/2017,348,VEHICLE AND TRAFFIC LAWS,922,TRAFFIC/UNCLASSIFIED MISDEMEAN,COMPLETED,MISDEMEANOR,N.Y. POLICE DEPT,BROOKLYN,75,,STREET,,,1014597,179233,40.65858609,-73.89062434,"(40.658586092, -73.890624339)"
663984568,12/30/2017,3:50:00,12/30/2017,4:00:00,12/30/2017,344,ASSAULT 3 & RELATED OFFENSES,114,OBSTR BREATH/CIRCUL,COMPLETED,MISDEMEANOR,N.Y. POLICE DEPT,MANHATTAN,19,INSIDE,OTHER,,,997258,224547,40.78300452,-73.95303023,"(40.783004522, -73.95303023)"
911762106,12/30/2017,3:45:00,12/30/2017,3:47:00,12/30/2017,341,PETIT LARCENY,333,LARCENY/PETIT FROM STORE-SHOPL,COMPLETED,MISDEMEANOR,N.Y. POLICE DEPT,QUEENS,113,INSIDE,DEPARTMENT STORE,,,1045456,186400,40.67809832,-73.77933716,"(40.678098321, -73.779337158)"
563396058,12/30/2017,3:40:00,12/30/2017,3:45:00,12/30/2017,344,ASSAULT 3 & RELATED OFFENSES,101,ASSAULT 3,COMPLETED,MISDEMEANOR,N.Y. POLICE DEPT,QUEENS,115,INSIDE,RESIDENCE - APT. HOUSE,,,1019342,213254,40.7519481,-73.87334507,"(40.751948102, -73.873345074)"
735097984,12/30/2017,3:40:00,12/30/2017,3:50:00,12/30/2017,341,PETIT LARCENY,333,LARCENY/PETIT FROM STORE-SHOPL,COMPLETED,MISDEMEANOR,N.Y. POLICE DEPT,MANHATTAN,1,INSIDE,BAR/NIGHT CLUB,,,982282,197042,40.70751953,-74.00709975,"(40.707519528, -74.007099746)"
943785607,12/30/2017,3:32:00,12/30/2017,3:50:00,12/30/2017,344,ASSAULT 3 & RELATED OFFENSES,101,ASSAULT 3,COMPLETED,MISDEMEANOR,N.Y. POLICE DEPT,QUEENS,114,INSIDE,COMMERCIAL BUILDING,,,1010995,221645,40.77500841,-73.90343821,"(40.77500841, -73.903438208)"
661087299,12/30/2017,3:30:00,12/30/2017,3:58:00,12/30/2017,344,ASSAULT 3 & RELATED OFFENSES,101,ASSAULT 3,COMPLETED,MISDEMEANOR,N.Y. POLICE DEPT,MANHATTAN,6,INSIDE,RESIDENCE - APT. HOUSE,,,984213,204463,40.72788861,-74.00013494,"(40.727888614, -74.000134942)"
272136998,12/30/2017,3:30:00,12/30/2017,3:35:00,12/30/2017,109,GRAND LARCENY,404,LARCENY/GRAND FROM PERSON/PERSONAL ELECTRONIC DEVICE(SNATCH),COMPLETED,FELONY,N.Y. POLICE DEPT,BROOKLYN,75,INSIDE,RESIDENCE-HOUSE,,,1017358,184669,40.6734968,-73.88064642,"(40.673496801, -73.880646419)"
779968277,12/30/2017,3:30:00,12/30/2017,3:58:00,12/30/2017,121,CRIMINAL MISCHIEF & RELATED OF,269,MISCHIEF/CRIMINAL/    UNCL 2ND,COMPLETED,FELONY,N.Y. POLICE DEPT,MANHATTAN,6,INSIDE,RESIDENCE - APT. HOUSE,,,984213,204463,40.72788861,-74.00013494,"(40.727888614, -74.000134942)"
499075264,12/30/2017,3:30:00,12/30/2017,3:45:00,12/30/2017,578,HARRASSMENT 2,637,HARASSMENT/SUBD 1/CIVILIAN,COMPLETED,VIOLATION,N.Y. POLICE DEPT,QUEENS,108,INSIDE,RESIDENCE - APT. HOUSE,,,997678,211305,40.74665802,-73.95154008,"(40.746658022, -73.951540083)"
262398038,12/30/2017,3:30:00,12/30/2017,9:13:00,12/30/2017,109,GRAND LARCENY,421,LARCENY/GRAND FROM VEHICLE/MOTORCYCLE,COMPLETED,FELONY,N.Y. POLICE DEPT,BROOKLYN,75,,STREET,,,1016933,177750,40.65450727,-73.88221209,"(40.654507271, -73.88221209)"
252259167,12/30/2017,3:30:00,12/30/2017,4:00:00,12/30/2017,106,FELONY ASSAULT,109,ASSAULT 2/1/UNCLASSIFIED,COMPLETED,FELONY,N.Y. POLICE DEPT,MANHATTAN,7,FRONT OF,STREET,,,987721,202253,40.72182202,-73.98747935,"(40.721822019, -73.987479351)"
105296363,12/30/2017,3:20:00,12/30/2017,3:30:00,12/30/2017,341,PETIT LARCENY,339,LARCENY/PETIT FROM OPEN AREAS/,COMPLETED,MISDEMEANOR,N.Y. POLICE DEPT,BRONX,50,INSIDE,BAR/NIGHT CLUB,,,1010183,258710,40.87674365,-73.90622669,"(40.876743654, -73.90622669)"
771072033,12/30/2017,3:15:00,12/30/2017,3:24:00,12/30/2017,344,ASSAULT 3 & RELATED OFFENSES,101,ASSAULT 3,COMPLETED,MISDEMEANOR,N.Y. POLICE DEPT,QUEENS,111,,STREET,,,1047595,217802,40.7642739,-73.77132998,"(40.764273902, -73.771329981)"
681642757,12/30/2017,3:15:00,12/30/2017,3:34:00,12/30/2017,347,INTOXICATED & IMPAIRED DRIVING,905,INTOXICATED DRIVING/ALCOHOL,COMPLETED,MISDEMEANOR,N.Y. POLICE DEPT,BROOKLYN,76,,STREET,,,982983,187438,40.6811589,-74.00456953,"(40.681158896, -74.00456953)"
349556819,12/30/2017,3:15:00,12/30/2017,3:24:00,12/30/2017,344,ASSAULT 3 & RELATED OFFENSES,101,ASSAULT 3,COMPLETED,MISDEMEANOR,N.Y. POLICE DEPT,QUEENS,111,,STREET,,,1047595,217802,40.7642739,-73.77132998,"(40.764273902, -73.771329981)"
382883601,12/30/2017,3:05:00,12/30/2017,3:13:00,12/30/2017,344,ASSAULT 3 & RELATED OFFENSES,101,ASSAULT 3,COMPLETED,MISDEMEANOR,N.Y. POLICE DEPT,BROOKLYN,70,,STREET,,,995070,176121,40.65008972,-73.96100881,"(40.650089721, -73.961008814)"
873965049,12/30/2017,3:05:00,12/30/2017,3:20:00,12/30/2017,105,ROBBERY,377,ROBBERY/BODEGA/CONVENIENCE STORE,COMPLETED,FELONY,N.Y. POLICE DEPT,BRONX,46,INSIDE,GROCERY/BODEGA,,,1010008,250297,40.85365304,-73.90689183,"(40.853653041, -73.906891831)"
804333071,12/30/2017,3:00:00,12/30/2017,3:20:00,12/30/2017,344,ASSAULT 3 & RELATED OFFENSES,101,ASSAULT 3,COMPLETED,MISDEMEANOR,N.Y. POLICE DEPT,QUEENS,113,INSIDE,RESIDENCE-HOUSE,,,1053554,196081,40.70461064,-73.75004222,"(40.704610635, -73.75004222)"
786330357,12/30/2017,3:00:00,12/30/2017,6:48:00,12/30/2017,578,HARRASSMENT 2,638,HARASSMENT/SUBD 3/4/5,COMPLETED,VIOLATION,N.Y. HOUSING POLICE,MANHATTAN,24,INSIDE,RESIDENCE - PUBLIC HOUSING,,,994456,229876,40.79763488,-73.96314001,"(40.797634875, -73.963140011)"
993241817,12/30/2017,2:57:00,12/30/2017,3:05:00,12/30/2017,236,DANGEROUS WEAPONS,782,WEAPONS/ POSSESSION/ ETC,COMPLETED,MISDEMEANOR,N.Y. HOUSING POLICE,MANHATTAN,26,FRONT OF,RESIDENCE - PUBLIC HOUSING,,,996660,235154,40.81211871,-73.95516998,"(40.812118713, -73.955169976)"
213555371,12/30/2017,2:50:00,12/30/2017,3:12:00,12/30/2017,347,INTOXICATED & IMPAIRED DRIVING,905,INTOXICATED DRIVING/ALCOHOL,COMPLETED,MISDEMEANOR,N.Y. POLICE DEPT,MANHATTAN,24,,STREET,,,994133,231605,40.80238088,-73.96430406,"(40.802380875, -73.964304059)"
510765916,12/30/2017,2:45:00,12/30/2017,3:35:00,12/30/2017,126,MISCELLANEOUS PENAL LAW,117,RECKLESS ENDANGERMENT 1,COMPLETED,FELONY,N.Y. POLICE DEPT,BRONX,47,FRONT OF,FAST FOOD,,,1026242,262091,40.88596164,-73.8481356,"(40.885961642, -73.848135601)"
873398762,12/30/2017,2:45:00,12/30/2017,3:00:00,12/30/2017,347,INTOXICATED & IMPAIRED DRIVING,905,INTOXICATED DRIVING/ALCOHOL,COMPLETED,MISDEMEANOR,TRI-BORO BRDG TUNNL,QUEENS,114,,BRIDGE,,,1006767,220212,40.77108698,-73.91870826,"(40.771086981, -73.918708261)"
595033641,12/30/2017,2:45:00,12/30/2017,2:50:00,12/30/2017,578,HARRASSMENT 2,637,HARASSMENT/SUBD 1/CIVILIAN,COMPLETED,VIOLATION,NYS DEPT TAX AND FINANCE,QUEENS,114,FRONT OF,STREET,,,1008817,219241,40.76841638,-73.91131069,"(40.768416381, -73.911310693)"
919346055,12/30/2017,2:45:00,12/30/2017,2:50:00,12/30/2017,578,HARRASSMENT 2,637,HARASSMENT/SUBD 1/CIVILIAN,COMPLETED,VIOLATION,N.Y. POLICE DEPT,QUEENS,114,FRONT OF,STREET,,,1008817,219241,40.76841638,-73.91131069,"(40.768416381, -73.911310693)"
400375093,12/30/2017,2:45:00,12/30/2017,4:20:00,12/30/2017,107,BURGLARY,213,BURGLARY/COMMERCIAL/NIGHT,COMPLETED,FELONY,N.Y. POLICE DEPT,STATEN ISLAND,120,INSIDE,GROCERY/BODEGA,,,962925,169862,40.63289104,-74.07683172,"(40.632891042, -74.076831718)"
944077730,12/30/2017,2:40:00,12/30/2017,2:45:00,12/30/2017,235,DANGEROUS DRUGS,567,MARIJUANA/ POSSESSION 4 & 5,COMPLETED,MISDEMEANOR,N.Y. POLICE DEPT,BROOKLYN,60,,STREET,,,986544,148193,40.57343941,-73.99174391,"(40.573439412, -73.991743911)"
265419145,12/30/2017,2:40:00,12/30/2017,2:40:00,12/30/2017,109,GRAND LARCENY,416,LARCENY/GRAND FROM NIGHT CLUB/ UNATTENDED,COMPLETED,FELONY,N.Y. POLICE DEPT,BROOKLYN,77,INSIDE,BAR/NIGHT CLUB,,,994576,187276,40.68070831,-73.96277199,"(40.680708312, -73.962771986)"
243821042,12/30/2017,2:40:00,12/30/2017,2:40:00,12/30/2017,344,ASSAULT 3 & RELATED OFFENSES,101,ASSAULT 3,COMPLETED,MISDEMEANOR,N.Y. POLICE DEPT,QUEENS,105,FRONT OF,BAR/NIGHT CLUB,,,1059018,184934,40.67397034,-73.730459,"(40.673970341, -73.730459001)"
998005139,12/30/2017,2:40:00,12/30/2017,2:40:00,12/30/2017,344,ASSAULT 3 & RELATED OFFENSES,101,ASSAULT 3,COMPLETED,MISDEMEANOR,N.Y. POLICE DEPT,QUEENS,105,FRONT OF,BAR/NIGHT CLUB,,,1059018,184934,40.67397034,-73.730459,"(40.673970341, -73.730459001)"
393754021,12/30/2017,2:30:00,12/30/2017,5:30:00,12/30/2017,109,GRAND LARCENY,438,LARCENY/GRAND FROM BUILDING (NON-RESIDENCE) UNATTENDED,COMPLETED,FELONY,N.Y. POLICE DEPT,QUEENS,109,INSIDE,COMMERCIAL BUILDING,,,1030306,220116,40.77073219,-73.83372615,"(40.770732191, -73.83372615)"
972378289,12/30/2017,2:30:00,12/30/2017,2:42:00,12/30/2017,578,HARRASSMENT 2,638,HARASSMENT/SUBD 3/4/5,COMPLETED,VIOLATION,N.Y. POLICE DEPT,QUEENS,109,,STREET,,,1034602,228720,40.79432441,-73.81815192,"(40.794324414, -73.818151923)"
790356535,12/30/2017,2:28:00,12/30/2017,2:45:00,12/30/2017,358,OFFENSES INVOLVING FRAUD,705,FORGERY/ETC.-MISD.,COMPLETED,MISDEMEANOR,N.Y. POLICE DEPT,MANHATTAN,34,,STREET,,,1006765,254910,40.8663232,-73.91859908,"(40.866323201, -73.918599076)"
433329251,12/30/2017,2:25:00,12/30/2017,2:40:00,12/30/2017,110,GRAND LARCENY OF MOTOR VEHICLE,450,LARCENY/ GRAND OF MOPED,COMPLETED,FELONY,N.Y. POLICE DEPT,MANHATTAN,17,FRONT OF,STREET,,,993034,214414,40.75519728,-73.96829612,"(40.755197275, -73.968296117)"
945134176,12/30/2017,2:20:00,12/30/2017,2:30:00,12/30/2017,105,ROBBERY,397,ROBBERY/OPEN AREA UNCLASSIFIED,COMPLETED,FELONY,N.Y. POLICE DEPT,QUEENS,106,,STREET,,,1034530,186072,40.67726684,-73.81873068,"(40.677266838, -73.818730683)"
407001126,12/30/2017,2:20:00,12/30/2017,3:12:00,12/30/2017,106,FELONY ASSAULT,109,ASSAULT 2/1/UNCLASSIFIED,COMPLETED,FELONY,N.Y. HOUSING POLICE,BRONX,43,INSIDE,RESIDENCE - PUBLIC HOUSING,,MONROE,1021543,239271,40.82334872,-73.86525665,"(40.823348717, -73.865256652)"
848643227,12/30/2017,2:20:00,12/30/2017,2:36:00,12/30/2017,113,FORGERY,729,FORGERY/ETC./UNCLASSIFIED-FELO,COMPLETED,FELONY,N.Y. POLICE DEPT,BROOKLYN,69,,STREET,,,1015794,169122,40.63082941,-73.88635738,"(40.630829411, -73.886357375)"
995736726,12/30/2017,2:19:00,12/30/2017,2:21:00,12/30/2017,344,ASSAULT 3 & RELATED OFFENSES,101,ASSAULT 3,COMPLETED,MISDEMEANOR,N.Y. POLICE DEPT,MANHATTAN,13,,STREET,,,990048,209023,40.7404028,-73.97907856,"(40.740402795, -73.979078556)"
107955991,12/30/2017,2:18:00,12/30/2017,2:24:00,12/30/2017,344,ASSAULT 3 & RELATED OFFENSES,101,ASSAULT 3,COMPLETED,MISDEMEANOR,N.Y. POLICE DEPT,QUEENS,104,FRONT OF,STREET,,,1011223,194409,40.70025168,-73.90272421,"(40.700251675, -73.90272421)"
686989358,12/30/2017,2:18:00,12/30/2017,2:24:00,12/30/2017,344,ASSAULT 3 & RELATED OFFENSES,101,ASSAULT 3,COMPLETED,MISDEMEANOR,N.Y. POLICE DEPT,QUEENS,104,FRONT OF,STREET,,,1011223,194409,40.70025168,-73.90272421,"(40.700251675, -73.90272421)"
483188168,12/30/2017,2:15:00,12/30/2017,2:16:00,12/30/2017,355,OFFENSES AGAINST THE PERSON,115,RECKLESS ENDANGERMENT 2,COMPLETED,MISDEMEANOR,N.Y. POLICE DEPT,QUEENS,111,,STREET,,,1050244,218810,40.76702121,-73.76175741,"(40.767021214, -73.761757408)"
773727747,12/30/2017,2:15:00,12/30/2017,2:25:00,12/30/2017,107,BURGLARY,223,BURGLARY/RESIDENCE/NIGHT,COMPLETED,FELONY,N.Y. POLICE DEPT,BRONX,44,INSIDE,PARKING LOT/GARAGE (PUBLIC),,,1007343,245994,40.84184995,-73.91654005,"(40.84184995, -73.916540045)"
357272650,12/30/2017,2:15:00,12/30/2017,2:20:00,12/30/2017,347,INTOXICATED & IMPAIRED DRIVING,905,INTOXICATED DRIVING/ALCOHOL,COMPLETED,MISDEMEANOR,N.Y. POLICE DEPT,BROOKLYN,70,FRONT OF,STREET,,,995871,175003,40.64702004,-73.95812413,"(40.647020039, -73.958124133)"
686865946,12/30/2017,2:15:00,12/30/2017,3:00:00,12/30/2017,109,GRAND LARCENY,416,LARCENY/GRAND FROM NIGHT CLUB/ UNATTENDED,COMPLETED,FELONY,N.Y. POLICE DEPT,MANHATTAN,13,INSIDE,BAR/NIGHT CLUB,,,987278,207054,40.73499976,-73.98907537,"(40.734999758, -73.989075374)"
177119863,12/30/2017,2:05:00,12/30/2017,2:20:00,12/30/2017,344,ASSAULT 3 & RELATED OFFENSES,101,ASSAULT 3,COMPLETED,MISDEMEANOR,N.Y. POLICE DEPT,MANHATTAN,6,INSIDE,BAR/NIGHT CLUB,,,982807,209038,40.74044575,-74.00520872,"(40.740445748, -74.005208719)"
266379782,12/30/2017,2:05:00,12/30/2017,2:10:00,12/30/2017,121,CRIMINAL MISCHIEF & RELATED OF,267,MISCHIEF/ CRIMINAL 3 & 2/ OF M,COMPLETED,FELONY,N.Y. POLICE DEPT,QUEENS,115,FRONT OF,STREET,,,1021261,214969,40.75664751,-73.86640946,"(40.756647512, -73.866409462)"
941748315,12/30/2017,2:05:00,12/30/2017,2:15:00,12/30/2017,344,ASSAULT 3 & RELATED OFFENSES,101,ASSAULT 3,COMPLETED,MISDEMEANOR,N.Y. POLICE DEPT,BROOKLYN,83,FRONT OF,STREET,,,1004528,195225,40.70250928,-73.92686704,"(40.702509277, -73.926867036)"
460074238,12/30/2017,2:04:00,12/30/2017,2:06:00,12/30/2017,578,HARRASSMENT 2,638,HARASSMENT/SUBD 3/4/5,COMPLETED,VIOLATION,N.Y. POLICE DEPT,BROOKLYN,84,INSIDE,FAST FOOD,,,986581,191134,40.69130336,-73.9915959,"(40.691303357, -73.991595901)"
194448229,12/30/2017,2:00:00,12/30/2017,2:05:00,12/30/2017,105,ROBBERY,386,ROBBERY/PERSONAL ELECTRONIC DEVICE,COMPLETED,FELONY,N.Y. POLICE DEPT,BROOKLYN,60,,STREET,,,994069,150938,40.58096876,-73.96465279,"(40.580968759, -73.964652791)"
340323802,12/30/2017,2:00:00,12/30/2017,2:35:00,12/30/2017,347,INTOXICATED & IMPAIRED DRIVING,905,INTOXICATED DRIVING/ALCOHOL,COMPLETED,MISDEMEANOR,N.Y. POLICE DEPT,BROOKLYN,63,,STREET,,,1003216,160326,40.60672208,-73.93169702,"(40.60672208, -73.931697018)"
448654045,12/30/2017,2:00:00,12/30/2017,6:30:00,12/30/2017,109,GRAND LARCENY,421,LARCENY/GRAND FROM VEHICLE/MOTORCYCLE,COMPLETED,FELONY,N.Y. POLICE DEPT,BROOKLYN,81,FRONT OF,STREET,,,1004525,189603,40.6870782,-73.92689478,"(40.6870782, -73.926894777)"
776549081,12/30/2017,1:50:00,12/30/2017,1:59:00,12/30/2017,106,FELONY ASSAULT,106,ASSAULT POLICE/PEACE OFFICER,COMPLETED,FELONY,N.Y. POLICE DEPT,MANHATTAN,6,INSIDE,STREET,,,983271,206515,40.7335208,-74.00353394,"(40.733520799, -74.003533941)"
697618666,12/30/2017,1:45:00,12/30/2017,2:34:00,12/30/2017,106,FELONY ASSAULT,106,ASSAULT POLICE/PEACE OFFICER,COMPLETED,FELONY,N.Y. POLICE DEPT,QUEENS,107,INSIDE,OTHER,,,1036910,197540,40.70872994,-73.81006063,"(40.708729941, -73.810060625)"
378134629,12/30/2017,1:40:00,12/30/2017,1:40:00,12/30/2017,344,ASSAULT 3 & RELATED OFFENSES,101,ASSAULT 3,COMPLETED,MISDEMEANOR,N.Y. POLICE DEPT,MANHATTAN,24,,STREET,,,991279,228308,40.79333424,-73.97461616,"(40.793334237, -73.974616155)"
769835099,12/30/2017,1:35:00,12/30/2017,1:40:00,12/30/2017,121,CRIMINAL MISCHIEF & RELATED OF,273,TAMPERING 1/CRIMINAL,COMPLETED,FELONY,N.Y. POLICE DEPT,MANHATTAN,28,,STREET,,,996343,231877,40.80312469,-73.95632105,"(40.803124692, -73.95632105)"
241764097,12/30/2017,1:35:00,12/30/2017,1:45:00,12/30/2017,344,ASSAULT 3 & RELATED OFFENSES,113,MENACING/UNCLASSIFIED,COMPLETED,MISDEMEANOR,N.Y. HOUSING POLICE,BRONX,43,INSIDE,RESIDENCE - PUBLIC HOUSING,,,1021282,238581,40.82145596,-73.86620349,"(40.821455962, -73.866203487)"
853925395,12/30/2017,1:35:00,12/30/2017,1:45:00,12/30/2017,106,FELONY ASSAULT,106,ASSAULT POLICE/PEACE OFFICER,ATTEMPTED,FELONY,N.Y. HOUSING POLICE,BRONX,43,INSIDE,RESIDENCE - PUBLIC HOUSING,,,1021282,238581,40.82145596,-73.86620349,"(40.821455962, -73.866203487)"
696908066,12/30/2017,1:30:00,12/30/2017,1:40:00,12/30/2017,105,ROBBERY,399,ROBBERY/COMMERCIAL UNCLASSIFIED,COMPLETED,FELONY,N.Y. POLICE DEPT,MANHATTAN,34,INSIDE,PARKING LOT/GARAGE (PRIVATE),,,1003878,255157,40.86700803,-73.92903622,"(40.867008032, -73.929036218)"
980141638,12/30/2017,1:30:00,12/30/2017,1:35:00,12/30/2017,106,FELONY ASSAULT,109,ASSAULT 2/1/UNCLASSIFIED,COMPLETED,FELONY,N.Y. POLICE DEPT,QUEENS,108,FRONT OF,STREET,,,1009605,210132,40.74341228,-73.90850024,"(40.74341228, -73.908500239)"
242124373,12/30/2017,1:30:00,12/30/2017,1:33:00,12/30/2017,347,INTOXICATED & IMPAIRED DRIVING,905,INTOXICATED DRIVING/ALCOHOL,COMPLETED,MISDEMEANOR,N.Y. POLICE DEPT,BROOKLYN,84,FRONT OF,STREET,,,987788,191924,40.69347133,-73.98724307,"(40.693471325, -73.987243065)"
834250689,12/30/2017,1:24:00,12/30/2017,1:24:00,12/30/2017,117,DANGEROUS DRUGS,505,CONTROLLED SUBSTANCE/ POSSESSI,COMPLETED,FELONY,N.Y. POLICE DEPT,BROOKLYN,68,,STREET,,,979724,170951,40.63590463,-74.01630857,"(40.635904631, -74.01630857)"
603097171,12/30/2017,1:22:00,12/30/2017,1:32:00,12/30/2017,106,FELONY ASSAULT,109,ASSAULT 2/1/UNCLASSIFIED,COMPLETED,FELONY,N.Y. POLICE DEPT,BROOKLYN,79,INSIDE,BAR/NIGHT CLUB,,,996313,187499,40.6813182,-73.95650899,"(40.6813182, -73.956508991)"
205600406,12/30/2017,1:22:00,12/30/2017,1:25:00,12/30/2017,117,DANGEROUS DRUGS,500,CONTROLLED SUBSTANCE/POSSESS.,COMPLETED,FELONY,N.Y. POLICE DEPT,QUEENS,108,FRONT OF,STREET,,,1008021,212162,40.74898852,-73.91420941,"(40.748988518, -73.914209406)"
196045576,12/30/2017,1:15:00,12/30/2017,1:31:00,12/30/2017,118,DANGEROUS WEAPONS,793,WEAPONS POSSESSION 3,COMPLETED,FELONY,N.Y. TRANSIT POLICE,QUEENS,114,,TRANSIT - NYC SUBWAY,,,1007788,219633,40.76949512,-73.91502417,"(40.769495118, -73.91502417)"
997727169,12/30/2017,1:10:00,12/30/2017,1:13:00,12/30/2017,117,DANGEROUS DRUGS,503,CONTROLLED SUBSTANCE/INTENT TO,COMPLETED,FELONY,N.Y. POLICE DEPT,BROOKLYN,77,INSIDE,GROCERY/BODEGA,,,1002251,183677,40.67081759,-73.93511009,"(40.67081759, -73.935110087)"
473830865,12/30/2017,1:10:00,12/30/2017,1:15:00,12/30/2017,578,HARRASSMENT 2,638,HARASSMENT/SUBD 3/4/5,COMPLETED,VIOLATION,N.Y. POLICE DEPT,BRONX,41,FRONT OF,RESIDENCE - APT. HOUSE,,,1013452,240844,40.82769661,-73.89448368,"(40.827696606, -73.894483683)"
128105248,12/30/2017,1:10:00,12/30/2017,1:20:00,12/30/2017,578,HARRASSMENT 2,637,HARASSMENT/SUBD 1/CIVILIAN,COMPLETED,VIOLATION,N.Y. POLICE DEPT,QUEENS,103,INSIDE,RESIDENCE - APT. HOUSE,,,1038289,196542,40.70598236,-73.8050947,"(40.705982358, -73.805094698)"
800028507,12/30/2017,1:09:00,12/30/2017,1:10:00,12/30/2017,235,DANGEROUS DRUGS,511,CONTROLLED SUBSTANCE/ POSSESSI,COMPLETED,MISDEMEANOR,N.Y. POLICE DEPT,STATEN ISLAND,122,,STREET,,,942195,139943,40.55069533,-74.15133197,"(40.550695333, -74.151331974)"
866078986,12/30/2017,1:05:00,12/30/2017,1:16:00,12/30/2017,125,NYS LAWS-UNCLASSIFIED FELONY,847,NY STATE LAWS/UNCLASSIFIED FEL,COMPLETED,FELONY,N.Y. POLICE DEPT,BROOKLYN,81,OPPOSITE OF,STREET,,BREVOORT,1004856,187468,40.68121735,-73.9257078,"(40.681217349, -73.925707802)"
790717574,12/30/2017,1:05:00,12/30/2017,1:15:00,12/30/2017,344,ASSAULT 3 & RELATED OFFENSES,101,ASSAULT 3,COMPLETED,MISDEMEANOR,N.Y. HOUSING POLICE,MANHATTAN,25,INSIDE,RESIDENCE - PUBLIC HOUSING,,,1002880,231250,40.80139239,-73.93271089,"(40.801392386, -73.93271089)"
156147090,12/30/2017,1:00:00,12/30/2017,1:05:00,12/30/2017,352,CRIMINAL TRESPASS,205,TRESPASS 2/ CRIMINAL,COMPLETED,MISDEMEANOR,N.Y. HOUSING POLICE,BROOKLYN,60,INSIDE,RESIDENCE - PUBLIC HOUSING,,,990284,154582,40.5909742,-73.97827563,"(40.590974199, -73.978275632)"
613699105,12/30/2017,1:00:00,12/30/2017,1:45:00,12/30/2017,106,FELONY ASSAULT,109,ASSAULT 2/1/UNCLASSIFIED,COMPLETED,FELONY,N.Y. POLICE DEPT,BRONX,47,FRONT OF,STREET,,,1025466,263475,40.88976394,-73.85093352,"(40.88976394, -73.850933516)"
443655721,12/30/2017,1:00:00,12/30/2017,1:10:00,12/30/2017,347,INTOXICATED & IMPAIRED DRIVING,905,INTOXICATED DRIVING/ALCOHOL,COMPLETED,MISDEMEANOR,N.Y. POLICE DEPT,BROOKLYN,83,,STREET,,,1002212,193214,40.69699456,-73.93522526,"(40.696994556, -73.935225256)"
963596204,12/30/2017,1:00:00,12/30/2017,3:00:00,12/30/2017,109,GRAND LARCENY,457,LARCENY/GRAND OF VEHICULAR/MOTORCYCLE ACCESSORIES,COMPLETED,FELONY,N.Y. POLICE DEPT,QUEENS,113,FRONT OF,STREET,,,1049298,188457,40.6837169,-73.76546591,"(40.683716902, -73.765465911)"
601078334,12/30/2017,1:00:00,12/30/2017,11:00:00,12/30/2017,107,BURGLARY,214,BURGLARY/COMMERCIAL/UNKNOWN TI,COMPLETED,FELONY,N.Y. POLICE DEPT,MANHATTAN,18,INSIDE,RESTAURANT/DINER,,,987374,217550,40.7638086,-73.9887241,"(40.763808604, -73.988724098)"
461376231,12/30/2017,0:55:00,12/30/2017,1:00:00,12/30/2017,348,VEHICLE AND TRAFFIC LAWS,916,LEAVING SCENE-ACCIDENT-PERSONA,COMPLETED,MISDEMEANOR,N.Y. POLICE DEPT,BROOKLYN,73,,STREET,,,1009804,184688,40.67357398,-73.90787865,"(40.673573979, -73.90787865)"
239157498,12/30/2017,0:50:00,12/30/2017,1:05:00,12/30/2017,106,FELONY ASSAULT,109,ASSAULT 2/1/UNCLASSIFIED,COMPLETED,FELONY,N.Y. POLICE DEPT,QUEENS,109,INSIDE,RESIDENCE-HOUSE,,,1041069,223953,40.7812011,-73.79483634,"(40.781201095, -73.794836335)"
582595814,12/30/2017,0:50:00,12/30/2017,1:03:00,12/30/2017,121,CRIMINAL MISCHIEF & RELATED OF,269,MISCHIEF/CRIMINAL/    UNCL 2ND,COMPLETED,FELONY,N.Y. POLICE DEPT,QUEENS,110,FRONT OF,STREET,,,1014772,211087,40.74601719,-73.88984924,"(40.746017191, -73.889849237)"
110383368,12/30/2017,0:50:00,12/30/2017,1:00:00,12/30/2017,113,FORGERY,729,FORGERY/ETC./UNCLASSIFIED-FELO,COMPLETED,FELONY,N.Y. POLICE DEPT,BROOKLYN,79,,STREET,,,1000557,187002,40.67994725,-73.9412087,"(40.679947248, -73.9412087)"
974882568,12/30/2017,0:50:00,12/30/2017,1:01:00,12/30/2017,117,DANGEROUS DRUGS,503,CONTROLLED SUBSTANCE/INTENT TO,COMPLETED,FELONY,N.Y. POLICE DEPT,BROOKLYN,77,,STREET,,,1001822,183054,40.66910846,-73.9366582,"(40.669108456, -73.936658202)"
219523364,12/30/2017,0:45:00,12/30/2017,1:02:00,12/30/2017,359,OFFENSES AGAINST PUBLIC ADMINI,750,RESISTING ARREST,COMPLETED,MISDEMEANOR,N.Y. POLICE DEPT,MANHATTAN,17,FRONT OF,STREET,,,992020,212581,40.7501671,-73.97195821,"(40.750167103, -73.971958209)"
549324770,12/30/2017,0:43:00,12/30/2017,0:48:00,12/30/2017,344,ASSAULT 3 & RELATED OFFENSES,101,ASSAULT 3,COMPLETED,MISDEMEANOR,N.Y. POLICE DEPT,QUEENS,114,INSIDE,RESIDENCE-HOUSE,,,1003788,221416,40.77439873,-73.92945985,"(40.774398732, -73.929459847)"
425957552,12/30/2017,0:30:00,12/30/2017,0:35:00,12/30/2017,106,FELONY ASSAULT,109,ASSAULT 2/1/UNCLASSIFIED,COMPLETED,FELONY,N.Y. POLICE DEPT,QUEENS,110,FRONT OF,STREET,,,1015807,210277,40.74379031,-73.88611778,"(40.743790313, -73.886117784)"
597829980,12/30/2017,0:30:00,12/30/2017,0:40:00,12/30/2017,344,ASSAULT 3 & RELATED OFFENSES,101,ASSAULT 3,COMPLETED,MISDEMEANOR,N.Y. POLICE DEPT,BROOKLYN,67,INSIDE,RESIDENCE - APT. HOUSE,,,1004179,177538,40.65396326,-73.92817804,"(40.653963264, -73.928178035)"
808350141,12/30/2017,0:27:00,12/30/2017,0:27:00,12/30/2017,106,FELONY ASSAULT,109,ASSAULT 2/1/UNCLASSIFIED,COMPLETED,FELONY,N.Y. POLICE DEPT,QUEENS,106,INSIDE,RESIDENCE-HOUSE,,,1034099,189425,40.68647248,-73.82025973,"(40.686472481, -73.820259728)"
701999408,12/30/2017,0:20:00,12/30/2017,4:08:00,12/30/2017,361,OFF. AGNST PUB ORD SENSBLTY &,639,AGGRAVATED HARASSMENT 2,COMPLETED,MISDEMEANOR,N.Y. HOUSING POLICE,BRONX,42,INSIDE,RESIDENCE - PUBLIC HOUSING,,BUTLER,1009944,244103,40.83665252,-73.90714691,"(40.836652522, -73.907146909)"
962242956,12/30/2017,0:15:00,12/30/2017,0:18:00,12/30/2017,105,ROBBERY,386,ROBBERY/PERSONAL ELECTRONIC DEVICE,COMPLETED,FELONY,N.Y. POLICE DEPT,QUEENS,110,,STREET,,,1018346,209278,40.74103889,-73.87696006,"(40.741038885, -73.876960055)"
645715513,12/30/2017,0:15:00,12/30/2017,0:20:00,12/30/2017,578,HARRASSMENT 2,637,HARASSMENT/SUBD 1/CIVILIAN,COMPLETED,VIOLATION,N.Y. POLICE DEPT,BROOKLYN,61,INSIDE,RESIDENCE - APT. HOUSE,,,998735,153753,40.58868898,-73.94784904,"(40.588688979, -73.947849044)"
128547330,12/30/2017,0:13:00,12/30/2017,0:14:00,12/30/2017,235,DANGEROUS DRUGS,511,CONTROLLED SUBSTANCE/ POSSESSI,COMPLETED,MISDEMEANOR,N.Y. POLICE DEPT,BROOKLYN,70,FRONT OF,STREET,,,995435,174621,40.64597209,-73.95969593,"(40.645972092, -73.959695931)"
860550033,12/30/2017,0:11:00,12/30/2017,0:30:00,12/30/2017,344,ASSAULT 3 & RELATED OFFENSES,101,ASSAULT 3,COMPLETED,MISDEMEANOR,N.Y. POLICE DEPT,QUEENS,115,INSIDE,RESIDENCE - APT. HOUSE,,,1013651,211889,40.74822228,-73.89389136,"(40.748222277, -73.893891355)"
686406187,12/30/2017,0:10:00,12/30/2017,0:20:00,12/30/2017,111,POSSESSION OF STOLEN PROPERTY,494,STOLEN PROPERTY 2/1/POSSESSION,ATTEMPTED,FELONY,N.Y. POLICE DEPT,BROOKLYN,67,,STREET,,,1005985,178106,40.65551805,-73.92166745,"(40.655518052, -73.921667448)"
649337772,12/30/2017,0:10:00,12/30/2017,0:20:00,12/30/2017,235,DANGEROUS DRUGS,567,MARIJUANA/ POSSESSION 4 & 5,COMPLETED,MISDEMEANOR,N.Y. POLICE DEPT,QUEENS,101,INSIDE,RESIDENCE - APT. HOUSE,,BAYSIDE-OCEAN BAY APTS,1043516,157081,40.59763735,-73.78658888,"(40.597637353, -73.786588876)"
199727453,12/30/2017,0:10:00,12/30/2017,0:15:00,12/30/2017,117,DANGEROUS DRUGS,512,CONTROLLED SUBSTANCE/SALE 1,COMPLETED,FELONY,N.Y. POLICE DEPT,BRONX,41,,STREET,,,1015672,236043,40.81451161,-73.88648448,"(40.814511607, -73.88648448)"
257548663,12/30/2017,0:10:00,12/30/2017,0:20:00,12/30/2017,121,CRIMINAL MISCHIEF & RELATED OF,269,MISCHIEF/CRIMINAL/    UNCL 2ND,COMPLETED,FELONY,N.Y. POLICE DEPT,BROOKLYN,72,FRONT OF,RESIDENCE - APT. HOUSE,,,981944,171870,40.63842795,-74.00831025,"(40.638427948, -74.008310248)"
723651325,12/30/2017,0:05:00,12/30/2017,0:11:00,12/30/2017,340,FRAUDS,707,IMPERSONATION 2/ PUBLIC SERVAN,COMPLETED,MISDEMEANOR,N.Y. HOUSING POLICE,MANHATTAN,25,FRONT OF,RESIDENCE - PUBLIC HOUSING,,,1002451,231382,40.80175558,-73.93426006,"(40.801755583, -73.934260057)"
798174666,12/30/2017,0:05:00,12/30/2017,0:10:00,12/30/2017,121,CRIMINAL MISCHIEF & RELATED OF,267,MISCHIEF/ CRIMINAL 3 & 2/ OF M,COMPLETED,FELONY,N.Y. POLICE DEPT,QUEENS,107,FRONT OF,STREET,,,1046006,208975,40.74005734,-73.77714721,"(40.740057337, -73.777147211)"
397984181,12/30/2017,0:01:00,12/30/2017,2:30:00,12/30/2017,341,PETIT LARCENY,339,LARCENY/PETIT FROM OPEN AREAS/,COMPLETED,MISDEMEANOR,N.Y. POLICE DEPT,BRONX,50,INSIDE,BAR/NIGHT CLUB,,,1012097,261612,40.88470291,-73.89929353,"(40.884702907, -73.899293531)"
734337779,12/30/2017,0:00:00,12/30/2017,0:30:00,12/30/2017,578,HARRASSMENT 2,638,HARASSMENT/SUBD 3/4/5,COMPLETED,VIOLATION,N.Y. POLICE DEPT,BRONX,48,INSIDE,RESIDENCE - APT. HOUSE,,,1014178,245831,40.84138204,-73.89183813,"(40.841382044, -73.891838127)"
856766245,12/29/2017,23:57:00,12/30/2017,0:43:00,12/30/2017,344,ASSAULT 3 & RELATED OFFENSES,101,ASSAULT 3,COMPLETED,MISDEMEANOR,N.Y. POLICE DEPT,BRONX,45,FRONT OF,STREET,,,1032838,241266,40.82876951,-73.82443189,"(40.828769507, -73.824431894)"
591703435,12/29/2017,23:57:00,12/30/2017,0:00:00,12/30/2017,344,ASSAULT 3 & RELATED OFFENSES,101,ASSAULT 3,COMPLETED,MISDEMEANOR,N.Y. POLICE DEPT,BRONX,48,INSIDE,RESIDENCE - APT. HOUSE,,,1011505,247310,40.84545012,-73.90149265,"(40.845450118, -73.901492645)"
234621941,12/29/2017,23:50:00,12/30/2017,1:00:00,12/30/2017,340,FRAUDS,707,IMPERSONATION 2/ PUBLIC SERVAN,COMPLETED,MISDEMEANOR,TRI-BORO BRDG TUNNL,MANHATTAN,17,,TUNNEL,,,992038,211064,40.7460033,-73.971895,"(40.746003302, -73.971894999)"
492266760,12/29/2017,23:50:00,12/30/2017,1:33:00,12/30/2017,235,DANGEROUS DRUGS,567,MARIJUANA/ POSSESSION 4 & 5,COMPLETED,MISDEMEANOR,N.Y. POLICE DEPT,MANHATTAN,25,,STREET,,,1001756,231618,40.80240474,-73.93676976,"(40.802404743, -73.936769757)"
261467843,12/29/2017,23:50:00,12/29/2017,23:58:00,12/30/2017,347,INTOXICATED & IMPAIRED DRIVING,905,INTOXICATED DRIVING/ALCOHOL,COMPLETED,MISDEMEANOR,N.Y. POLICE DEPT,BROOKLYN,68,,STREET,,,976480,166502,40.62369081,-74.02799154,"(40.623690811, -74.027991541)"
302818708,12/29/2017,23:50:00,12/30/2017,0:08:00,12/30/2017,578,HARRASSMENT 2,637,HARASSMENT/SUBD 1/CIVILIAN,COMPLETED,VIOLATION,N.Y. POLICE DEPT,MANHATTAN,23,INSIDE,RESIDENCE - APT. HOUSE,,,1000552,225907,40.7867319,-73.94113247,"(40.786731898, -73.941132468)"
534529864,12/29/2017,23:49:00,12/30/2017,0:06:00,12/30/2017,347,INTOXICATED & IMPAIRED DRIVING,905,INTOXICATED DRIVING/ALCOHOL,COMPLETED,MISDEMEANOR,N.Y. POLICE DEPT,QUEENS,104,FRONT OF,STREET,,,1009849,196198,40.70516614,-73.90767269,"(40.70516614, -73.907672691)"
880702938,12/29/2017,23:48:00,12/29/2017,23:49:00,12/30/2017,105,ROBBERY,377,ROBBERY/BODEGA/CONVENIENCE STORE,COMPLETED,FELONY,N.Y. POLICE DEPT,BROOKLYN,88,INSIDE,GROCERY/BODEGA,,,991745,192930,40.6962301,-73.97297261,"(40.696230096, -73.97297261)"
744251080,12/29/2017,23:45:00,12/30/2017,0:01:00,12/30/2017,236,DANGEROUS WEAPONS,782,WEAPONS/ POSSESSION/ ETC,COMPLETED,MISDEMEANOR,N.Y. POLICE DEPT,MANHATTAN,19,,STREET,,,997839,225593,40.78587464,-73.95093015,"(40.785874639, -73.950930153)"
591033567,12/29/2017,23:45:00,12/29/2017,23:47:00,12/30/2017,105,ROBBERY,399,ROBBERY/COMMERCIAL UNCLASSIFIED,COMPLETED,FELONY,N.Y. POLICE DEPT,BRONX,46,INSIDE,PARKING LOT/GARAGE (PRIVATE),,,1012248,251807,40.85779072,-73.89878841,"(40.857790719, -73.898788413)"
